/*
Navicat MySQL Data Transfer

Source Server         : localhost
Source Server Version : 50541
Source Host           : localhost:3306
Source Database       : jty

Target Server Type    : MYSQL
Target Server Version : 50541
File Encoding         : 65001

Date: 2015-01-23 11:06:02
*/

SET FOREIGN_KEY_CHECKS=0;

-- ----------------------------
-- Table structure for adver
-- ----------------------------
DROP TABLE IF EXISTS `adver`;
CREATE TABLE `adver` (
  `ID` int(11) NOT NULL AUTO_INCREMENT,
  `NAME` varchar(255) NOT NULL,
  `IMG` varchar(255) NOT NULL,
  `URL` varchar(255) DEFAULT NULL,
  `SORT` int(11) DEFAULT NULL,
  PRIMARY KEY (`ID`)
) ENGINE=InnoDB DEFAULT CHARSET=utf8;

-- ----------------------------
-- Records of adver
-- ----------------------------

-- ----------------------------
-- Table structure for dict
-- ----------------------------
DROP TABLE IF EXISTS `dict`;
CREATE TABLE `dict` (
  `ID` int(11) NOT NULL AUTO_INCREMENT,
  `LABEL` varchar(255) DEFAULT NULL,
  `VALUE` varchar(255) DEFAULT NULL,
  `TYPE` varchar(255) DEFAULT NULL,
  `DESCRIPTION` varchar(255) DEFAULT NULL,
  `SORT` int(11) DEFAULT NULL,
  `REMARK` varchar(255) DEFAULT NULL,
  `DEL_FLAG` varchar(255) DEFAULT NULL,
  PRIMARY KEY (`ID`)
) ENGINE=InnoDB AUTO_INCREMENT=6 DEFAULT CHARSET=utf8;

-- ----------------------------
-- Records of dict
-- ----------------------------
INSERT INTO `dict` VALUES ('1', '正常', '0', 'user', '用户状态', '1', null, null);
INSERT INTO `dict` VALUES ('2', '禁用', '1', 'user', '用户状态', '2', null, null);
INSERT INTO `dict` VALUES ('4', '普通用户', '0', 'user', '用户类型', null, null, null);
INSERT INTO `dict` VALUES ('5', '会员用户', '1', 'user', '用户类型', null, null, null);

-- ----------------------------
-- Table structure for goods
-- ----------------------------
DROP TABLE IF EXISTS `goods`;
CREATE TABLE `goods` (
  `ID` int(11) NOT NULL AUTO_INCREMENT,
  `NAME` varchar(255) NOT NULL,
  `COVER` varchar(255) NOT NULL,
  `IMG` varchar(255) NOT NULL,
  `TYPE_ID` int(11) NOT NULL,
  `PRICE` double NOT NULL COMMENT '标价',
  `MARKET_PRICE` double DEFAULT NULL COMMENT '市场价',
  `INTRODUCE` varchar(255) DEFAULT NULL COMMENT '介绍',
  `BRIEF` varchar(255) DEFAULT NULL COMMENT '摘要',
  `IS_SOLD` char(255) DEFAULT NULL COMMENT '是否上架',
  `SALES` int(11) DEFAULT NULL COMMENT '销量',
  `POSTAGE` double DEFAULT NULL COMMENT '邮费',
  `PV` int(11) DEFAULT NULL,
  PRIMARY KEY (`ID`),
  KEY `FK_GOODS_TYPE_ID` (`TYPE_ID`),
  CONSTRAINT `FK_GOODS_TYPE_ID` FOREIGN KEY (`TYPE_ID`) REFERENCES `goods_type` (`ID`)
) ENGINE=InnoDB AUTO_INCREMENT=2 DEFAULT CHARSET=utf8;

-- ----------------------------
-- Records of goods
-- ----------------------------
INSERT INTO `goods` VALUES ('1', 'aaa', 'aaa', 'aaa', '1', '11', '11', '11', '1', '1', '1', '1', '11');

-- ----------------------------
-- Table structure for goods_type
-- ----------------------------
DROP TABLE IF EXISTS `goods_type`;
CREATE TABLE `goods_type` (
  `ID` int(11) NOT NULL AUTO_INCREMENT,
  `PID` int(11) DEFAULT NULL,
  `NAME` varchar(255) DEFAULT NULL,
  `IMG` varchar(255) DEFAULT NULL,
  PRIMARY KEY (`ID`)
) ENGINE=InnoDB AUTO_INCREMENT=12 DEFAULT CHARSET=utf8;

-- ----------------------------
-- Records of goods_type
-- ----------------------------
INSERT INTO `goods_type` VALUES ('1', null, '男装·女装', null);
INSERT INTO `goods_type` VALUES ('2', null, '鞋靴·箱包', null);
INSERT INTO `goods_type` VALUES ('3', null, '手机·数码', null);
INSERT INTO `goods_type` VALUES ('4', null, '家电·办公', null);
INSERT INTO `goods_type` VALUES ('5', '1', '男上衣', 'aaa');
INSERT INTO `goods_type` VALUES ('6', '1', '男裤', null);
INSERT INTO `goods_type` VALUES ('7', '1', '男内衣', null);
INSERT INTO `goods_type` VALUES ('8', '1', '女裤', null);
INSERT INTO `goods_type` VALUES ('9', '3', '笔记本', null);
INSERT INTO `goods_type` VALUES ('10', '3', '台式机', null);
INSERT INTO `goods_type` VALUES ('11', '4', '电视', null);

-- ----------------------------
-- Table structure for log
-- ----------------------------
DROP TABLE IF EXISTS `log`;
CREATE TABLE `log` (
  `ID` int(11) NOT NULL AUTO_INCREMENT,
  `OPERATION_CODE` varchar(50) NOT NULL COMMENT '操作编码',
  `CREATER` varchar(20) DEFAULT NULL COMMENT '操作用户名称',
  `CREATE_DATE` datetime NOT NULL COMMENT '日志生成时间',
  `TYPE` int(11) DEFAULT NULL COMMENT '日志类型: 1：安全日志 2：表示操作日志',
  `OS` varchar(20) DEFAULT NULL,
  `BROWSER` varchar(20) DEFAULT NULL COMMENT '浏览器类型',
  `IP` varchar(20) DEFAULT NULL COMMENT 'IP地址',
  `MAC` varchar(20) DEFAULT NULL COMMENT '物理地址',
  `EXECUTE_TIME` int(11) DEFAULT NULL COMMENT '执行时间',
  `DESCRIPTION` varchar(500) DEFAULT NULL COMMENT '详细描述',
  `REQUEST_PARAM` varchar(500) DEFAULT NULL COMMENT '请求参数',
  PRIMARY KEY (`ID`)
) ENGINE=InnoDB AUTO_INCREMENT=2267 DEFAULT CHARSET=utf8 COMMENT='日录资料表';

-- ----------------------------
-- Records of log
-- ----------------------------
INSERT INTO `log` VALUES ('2259', '/system/user/update', 'admin', '2014-12-04 10:25:40', null, 'Windows 7', 'Firefox 3', '127.0.0.1', null, '22', null, '{\"id\":[\"4\"],\"birthday\":[\"2014-4-2\"],\"phone\":[\"400\"],\"email\":[\"11@11.bee\"],\"name\":[\"bbb1234\"],\"gender\":[\"0\"],\"loginName\":[\"bbb222\"]}');
INSERT INTO `log` VALUES ('2260', '/system/user/update', 'admin', '2014-12-04 10:26:14', null, 'Windows 7', 'Firefox 3', '127.0.0.1', null, '9', null, '{\"id\":[\"4\"],\"birthday\":[\"2014-4-2\"],\"phone\":[\"400\"],\"email\":[\"11@11.bee\"],\"name\":[\"bbb12346\"],\"gender\":[\"0\"],\"loginName\":[\"bbb222\"]}');
INSERT INTO `log` VALUES ('2261', '/system/user/update', 'admin', '2014-12-04 10:37:01', null, 'Windows 7', 'Firefox 3', '127.0.0.1', null, '7', null, '{\"id\":[\"4\"],\"birthday\":[\"2014-4-2\"],\"phone\":[\"400\"],\"email\":[\"11@11.bee\"],\"name\":[\"bbb123466\"],\"gender\":[\"0\"],\"loginName\":[\"bbb222\"]}');
INSERT INTO `log` VALUES ('2262', '/system/role/update', 'admin', '2014-12-04 10:48:43', null, 'Windows 7', 'Firefox 3', '127.0.0.1', null, '215', null, '{\"id\":[\"12\"],\"roleCode\":[\"guest212\"],\"sort\":[\"4\"],\"description\":[\"s\"],\"name\":[\"guest22\"]}');
INSERT INTO `log` VALUES ('2263', '/system/user/create', 'admin', '2014-12-05 11:55:03', null, 'Windows 7', 'Firefox 3', '127.0.0.1', null, '305', null, '{\"id\":[\"\"],\"birthday\":[\"2014-12-05\"],\"confirmPassword\":[\"123456\"],\"phone\":[\"\"],\"email\":[\"\"],\"name\":[\"tyty\"],\"plainPassword\":[\"123456\"],\"gender\":[\"1\"],\"loginName\":[\"test\"]}');
INSERT INTO `log` VALUES ('2264', '/system/permission/create', 'admin', '2014-12-13 11:19:15', null, 'Windows 7', 'Firefox 3', '127.0.0.1', null, '215', null, '{\"id\":[\"\"],\"icon\":[\"icon-hamburg-full-time\"],\"sort\":[\"\"],\"description\":[\"定时任务管理，支持集群\"],\"name\":[\"定时任务管理\"],\"permCode\":[\"\"],\"pid\":[\"\"],\"type\":[\"F\"],\"url\":[\"system/scheuleJob\"]}');
INSERT INTO `log` VALUES ('2265', '/system/permission/update', 'admin', '2014-12-13 11:19:40', null, 'Windows 7', 'Firefox 3', '127.0.0.1', null, '66', null, '{\"id\":[\"37\"],\"icon\":[\"icon-hamburg-full-time\"],\"sort\":[\"\"],\"description\":[\"定时任务管理，支持集群\"],\"name\":[\"定时任务管理\"],\"permCode\":[\"\"],\"pid\":[\"15\"],\"type\":[\"F\"],\"url\":[\"system/scheuleJob\"]}');
INSERT INTO `log` VALUES ('2266', '/system/permission/update', 'admin', '2014-12-13 11:22:17', null, 'Windows 7', 'Firefox 3', '127.0.0.1', null, '186', null, '{\"id\":[\"37\"],\"icon\":[\"icon-hamburg-full-time\"],\"sort\":[\"\"],\"description\":[\"定时任务管理，支持集群\"],\"name\":[\"定时任务管理\"],\"permCode\":[\"\"],\"pid\":[\"15\"],\"type\":[\"F\"],\"url\":[\"system/scheduleJob\"]}');

-- ----------------------------
-- Table structure for permission
-- ----------------------------
DROP TABLE IF EXISTS `permission`;
CREATE TABLE `permission` (
  `ID` int(11) NOT NULL AUTO_INCREMENT,
  `PID` int(11) DEFAULT NULL COMMENT '父节点名称',
  `NAME` varchar(50) NOT NULL COMMENT '名称',
  `TYPE` varchar(20) DEFAULT NULL COMMENT '类型:菜单or功能',
  `SORT` int(11) DEFAULT NULL COMMENT '排序',
  `URL` varchar(255) DEFAULT NULL,
  `PERM_CODE` varchar(50) DEFAULT NULL COMMENT '菜单编码',
  `ICON` varchar(255) DEFAULT NULL,
  `STATE` varchar(10) DEFAULT NULL,
  `DESCRIPTION` text,
  PRIMARY KEY (`ID`)
) ENGINE=InnoDB AUTO_INCREMENT=74 DEFAULT CHARSET=utf8;

-- ----------------------------
-- Records of permission
-- ----------------------------
INSERT INTO `permission` VALUES ('1', null, '系统管理', 'F', '1', '', '', 'icon-standard-cog', '', '');
INSERT INTO `permission` VALUES ('2', '1', '角色管理', 'F', '3', 'system/role', '', 'icon-hamburg-my-account', 'closed', '');
INSERT INTO `permission` VALUES ('3', '1', '用户管理', 'F', '2', 'system/user', '', 'icon-hamburg-user', 'closed', '');
INSERT INTO `permission` VALUES ('4', '2', '添加', 'O', null, '', 'sys:role:add', '', '', '角色添加');
INSERT INTO `permission` VALUES ('5', '2', '删除', 'O', null, '', 'sys:role:delete', '', '', '角色删除');
INSERT INTO `permission` VALUES ('6', '2', '修改', 'O', null, '', 'sys:role:update', '', '', '角色修改');
INSERT INTO `permission` VALUES ('7', '3', '添加', 'O', null, '', 'sys:user:add', '', '', '用户添加');
INSERT INTO `permission` VALUES ('8', '3', '删除', 'O', null, '', 'sys:user:delete', '', '', '用户删除');
INSERT INTO `permission` VALUES ('12', '1', '权限管理', 'F', '5', 'system/permission', '', 'icon-hamburg-login', 'closed', '');
INSERT INTO `permission` VALUES ('14', '15', '数据源监控', 'F', '6', 'druid', '', 'icon-hamburg-database', '', '');
INSERT INTO `permission` VALUES ('15', null, '系统监控', 'F', '5', '', '', 'icon-hamburg-graphic', '', '');
INSERT INTO `permission` VALUES ('16', '3', '修改', 'O', null, '', 'sys:user:update', '', '', '用户修改');
INSERT INTO `permission` VALUES ('20', '15', '日志管理', 'F', '7', 'system/log', '', 'icon-hamburg-archives', '', '');
INSERT INTO `permission` VALUES ('25', '12', '添加', 'O', null, '', 'sys:perm:add', '', '', '菜单添加');
INSERT INTO `permission` VALUES ('26', '12', '修改', 'O', null, '', 'sys:perm:update', '', '', '菜单修改');
INSERT INTO `permission` VALUES ('27', '12', '删除', 'O', null, '', 'sys:perm:delete', '', '', '菜单删除');
INSERT INTO `permission` VALUES ('28', '2', '查看', 'O', null, '', 'sys:role:view', '', '', '角色查看');
INSERT INTO `permission` VALUES ('29', '3', '查看', 'O', null, '', 'sys:user:view', '', null, '用户查看');
INSERT INTO `permission` VALUES ('30', '12', '查看', 'O', null, '', 'sys:perm:view', '', null, '权限查看');
INSERT INTO `permission` VALUES ('31', '20', '删除', 'O', null, '', 'sys:log:delete', '', null, '删除日志');
INSERT INTO `permission` VALUES ('32', '20', '导出excel', 'O', null, '', 'sys:log:exportExcel', '', null, '导出日志excel');
INSERT INTO `permission` VALUES ('33', '3', '查看用户角色', 'O', null, '', 'sys:user:roleView', '', null, '查看用户角色');
INSERT INTO `permission` VALUES ('34', '2', '保存授权', 'O', null, '', 'sys:role:permUpd', '', null, '保存修改的角色权限');
INSERT INTO `permission` VALUES ('35', '3', '修改用户角色', 'O', null, '', 'sys:user:roleUpd', '', null, '修改用户拥有的角色');
INSERT INTO `permission` VALUES ('36', '2', '查看角色权限', 'O', null, '', 'sys:role:permView', '', null, '查看角色拥有的权限');
INSERT INTO `permission` VALUES ('37', '15', '定时任务管理', 'F', null, 'system/scheduleJob', '', 'icon-hamburg-full-time', null, '定时任务管理，支持集群');
INSERT INTO `permission` VALUES ('38', '15', 'cron表达式生成', 'F', null, 'system/scheduleJob/quartzCron', '', 'icon-hamburg-future', null, '');
INSERT INTO `permission` VALUES ('39', '1', '菜单管理', 'F', '4', 'system/permission/menu', '', 'icon-hamburg-old-versions', null, '');
INSERT INTO `permission` VALUES ('40', '1', '字典管理', 'F', '6', 'system/dict', null, 'icon-hamburg-address', null, '数据字典管理');
INSERT INTO `permission` VALUES ('45', '39', '修改', 'O', null, '', 'sys:perm:update', null, null, '菜单管理');
INSERT INTO `permission` VALUES ('58', '39', '添加', 'O', null, '', 'sys:perm:add', null, null, '菜单管理');
INSERT INTO `permission` VALUES ('59', '39', '删除', 'O', null, '', 'sys:perm:delte', null, null, '菜单管理');
INSERT INTO `permission` VALUES ('61', '40', '添加', 'O', null, '', 'sys:dict:add', null, null, '字典管理');
INSERT INTO `permission` VALUES ('62', '40', '删除', 'O', null, '', 'sys:dict:delete', null, null, '字典管理');
INSERT INTO `permission` VALUES ('63', '40', '修改', 'O', null, '', 'sys:dict:update', null, null, '字典管理');
INSERT INTO `permission` VALUES ('68', '20', '查看', 'O', null, '', 'sys:log:view', null, null, '查看日志');
INSERT INTO `permission` VALUES ('69', '40', '查看', 'O', null, '', 'sys:dict:view', null, null, '字典管理');
INSERT INTO `permission` VALUES ('70', '39', '查看', 'O', null, '', 'sys:perm:menu:view', null, null, '菜单管理');
INSERT INTO `permission` VALUES ('71', null, '商店管理', 'F', null, '', null, 'icon-hamburg-basket', null, '商店');
INSERT INTO `permission` VALUES ('72', '71', '商品管理', 'F', null, 'shop/goods', null, 'icon-hamburg-product', null, '商品管理');
INSERT INTO `permission` VALUES ('73', '71', '商品类型管理', 'F', null, 'shop/goodsType', null, 'icon-hamburg-milestone', null, '商品类型');

-- ----------------------------
-- Table structure for qrtz_blob_triggers
-- ----------------------------
DROP TABLE IF EXISTS `qrtz_blob_triggers`;
CREATE TABLE `qrtz_blob_triggers` (
  `SCHED_NAME` varchar(120) NOT NULL,
  `TRIGGER_NAME` varchar(200) NOT NULL,
  `TRIGGER_GROUP` varchar(200) NOT NULL,
  `BLOB_DATA` blob,
  PRIMARY KEY (`SCHED_NAME`,`TRIGGER_NAME`,`TRIGGER_GROUP`),
  CONSTRAINT `qrtz_blob_triggers_ibfk_1` FOREIGN KEY (`SCHED_NAME`, `TRIGGER_NAME`, `TRIGGER_GROUP`) REFERENCES `qrtz_triggers` (`SCHED_NAME`, `TRIGGER_NAME`, `TRIGGER_GROUP`)
) ENGINE=InnoDB DEFAULT CHARSET=utf8;

-- ----------------------------
-- Records of qrtz_blob_triggers
-- ----------------------------

-- ----------------------------
-- Table structure for qrtz_calendars
-- ----------------------------
DROP TABLE IF EXISTS `qrtz_calendars`;
CREATE TABLE `qrtz_calendars` (
  `SCHED_NAME` varchar(120) NOT NULL,
  `CALENDAR_NAME` varchar(200) NOT NULL,
  `CALENDAR` blob NOT NULL,
  PRIMARY KEY (`SCHED_NAME`,`CALENDAR_NAME`)
) ENGINE=InnoDB DEFAULT CHARSET=utf8;

-- ----------------------------
-- Records of qrtz_calendars
-- ----------------------------

-- ----------------------------
-- Table structure for qrtz_cron_triggers
-- ----------------------------
DROP TABLE IF EXISTS `qrtz_cron_triggers`;
CREATE TABLE `qrtz_cron_triggers` (
  `SCHED_NAME` varchar(120) NOT NULL,
  `TRIGGER_NAME` varchar(200) NOT NULL,
  `TRIGGER_GROUP` varchar(200) NOT NULL,
  `CRON_EXPRESSION` varchar(200) NOT NULL,
  `TIME_ZONE_ID` varchar(80) DEFAULT NULL,
  PRIMARY KEY (`SCHED_NAME`,`TRIGGER_NAME`,`TRIGGER_GROUP`),
  CONSTRAINT `qrtz_cron_triggers_ibfk_1` FOREIGN KEY (`SCHED_NAME`, `TRIGGER_NAME`, `TRIGGER_GROUP`) REFERENCES `qrtz_triggers` (`SCHED_NAME`, `TRIGGER_NAME`, `TRIGGER_GROUP`)
) ENGINE=InnoDB DEFAULT CHARSET=utf8;

-- ----------------------------
-- Records of qrtz_cron_triggers
-- ----------------------------
INSERT INTO `qrtz_cron_triggers` VALUES ('scheduler', 'test1', 'testgroup', '0/5 * * * * ?', 'Asia/Shanghai');

-- ----------------------------
-- Table structure for qrtz_fired_triggers
-- ----------------------------
DROP TABLE IF EXISTS `qrtz_fired_triggers`;
CREATE TABLE `qrtz_fired_triggers` (
  `SCHED_NAME` varchar(120) NOT NULL,
  `ENTRY_ID` varchar(95) NOT NULL,
  `TRIGGER_NAME` varchar(200) NOT NULL,
  `TRIGGER_GROUP` varchar(200) NOT NULL,
  `INSTANCE_NAME` varchar(200) NOT NULL,
  `FIRED_TIME` bigint(13) NOT NULL,
  `SCHED_TIME` bigint(13) NOT NULL,
  `PRIORITY` int(11) NOT NULL,
  `STATE` varchar(16) NOT NULL,
  `JOB_NAME` varchar(200) DEFAULT NULL,
  `JOB_GROUP` varchar(200) DEFAULT NULL,
  `IS_NONCONCURRENT` varchar(1) DEFAULT NULL,
  `REQUESTS_RECOVERY` varchar(1) DEFAULT NULL,
  PRIMARY KEY (`SCHED_NAME`,`ENTRY_ID`)
) ENGINE=InnoDB DEFAULT CHARSET=utf8;

-- ----------------------------
-- Records of qrtz_fired_triggers
-- ----------------------------

-- ----------------------------
-- Table structure for qrtz_job_details
-- ----------------------------
DROP TABLE IF EXISTS `qrtz_job_details`;
CREATE TABLE `qrtz_job_details` (
  `SCHED_NAME` varchar(120) NOT NULL,
  `JOB_NAME` varchar(200) NOT NULL,
  `JOB_GROUP` varchar(200) NOT NULL,
  `DESCRIPTION` varchar(250) DEFAULT NULL,
  `JOB_CLASS_NAME` varchar(250) NOT NULL,
  `IS_DURABLE` varchar(1) NOT NULL,
  `IS_NONCONCURRENT` varchar(1) NOT NULL,
  `IS_UPDATE_DATA` varchar(1) NOT NULL,
  `REQUESTS_RECOVERY` varchar(1) NOT NULL,
  `JOB_DATA` blob,
  PRIMARY KEY (`SCHED_NAME`,`JOB_NAME`,`JOB_GROUP`)
) ENGINE=InnoDB DEFAULT CHARSET=utf8;

-- ----------------------------
-- Records of qrtz_job_details
-- ----------------------------
INSERT INTO `qrtz_job_details` VALUES ('scheduler', 'test1', 'testgroup', null, 'com.tianyu.jty.system.service.TaskA', '0', '1', '0', '0', 0xACED0005737200156F72672E71756172747A2E4A6F62446174614D61709FB083E8BFA9B0CB020000787200266F72672E71756172747A2E7574696C732E537472696E674B65794469727479466C61674D61708208E8C3FBC55D280200015A0013616C6C6F77735472616E7369656E74446174617872001D6F72672E71756172747A2E7574696C732E4469727479466C61674D617013E62EAD28760ACE0200025A000564697274794C00036D617074000F4C6A6176612F7574696C2F4D61703B787001737200116A6176612E7574696C2E486173684D61700507DAC1C31660D103000246000A6C6F6164466163746F724900097468726573686F6C6478703F4000000000000C7708000000100000000174000B7363686564756C654A6F6273720028636F6D2E7469616E79752E6A74792E73797374656D2E656E746974792E5363686564756C654A6F6200000000000000010200064C0009636C6173734E616D657400124C6A6176612F6C616E672F537472696E673B4C000E63726F6E45787072657373696F6E71007E00094C000B6465736372697074696F6E71007E00094C000567726F757071007E00094C00046E616D6571007E00094C000673746174757371007E00097870740023636F6D2E7469616E79752E6A74792E73797374656D2E736572766963652E5461736B4174000D302F35202A202A202A202A203F707400097465737467726F75707400057465737431740001317800);

-- ----------------------------
-- Table structure for qrtz_locks
-- ----------------------------
DROP TABLE IF EXISTS `qrtz_locks`;
CREATE TABLE `qrtz_locks` (
  `SCHED_NAME` varchar(120) NOT NULL,
  `LOCK_NAME` varchar(40) NOT NULL,
  PRIMARY KEY (`SCHED_NAME`,`LOCK_NAME`)
) ENGINE=InnoDB DEFAULT CHARSET=utf8;

-- ----------------------------
-- Records of qrtz_locks
-- ----------------------------
INSERT INTO `qrtz_locks` VALUES ('scheduler', 'STATE_ACCESS');
INSERT INTO `qrtz_locks` VALUES ('scheduler', 'TRIGGER_ACCESS');

-- ----------------------------
-- Table structure for qrtz_paused_trigger_grps
-- ----------------------------
DROP TABLE IF EXISTS `qrtz_paused_trigger_grps`;
CREATE TABLE `qrtz_paused_trigger_grps` (
  `SCHED_NAME` varchar(120) NOT NULL,
  `TRIGGER_GROUP` varchar(200) NOT NULL,
  PRIMARY KEY (`SCHED_NAME`,`TRIGGER_GROUP`)
) ENGINE=InnoDB DEFAULT CHARSET=utf8;

-- ----------------------------
-- Records of qrtz_paused_trigger_grps
-- ----------------------------

-- ----------------------------
-- Table structure for qrtz_scheduler_state
-- ----------------------------
DROP TABLE IF EXISTS `qrtz_scheduler_state`;
CREATE TABLE `qrtz_scheduler_state` (
  `SCHED_NAME` varchar(120) NOT NULL,
  `INSTANCE_NAME` varchar(200) NOT NULL,
  `LAST_CHECKIN_TIME` bigint(13) NOT NULL,
  `CHECKIN_INTERVAL` bigint(13) NOT NULL,
  PRIMARY KEY (`SCHED_NAME`,`INSTANCE_NAME`)
) ENGINE=InnoDB DEFAULT CHARSET=utf8;

-- ----------------------------
-- Records of qrtz_scheduler_state
-- ----------------------------
INSERT INTO `qrtz_scheduler_state` VALUES ('scheduler', 'tianyu-pc1421978770122', '1421978770298', '15000');

-- ----------------------------
-- Table structure for qrtz_simple_triggers
-- ----------------------------
DROP TABLE IF EXISTS `qrtz_simple_triggers`;
CREATE TABLE `qrtz_simple_triggers` (
  `SCHED_NAME` varchar(120) NOT NULL,
  `TRIGGER_NAME` varchar(200) NOT NULL,
  `TRIGGER_GROUP` varchar(200) NOT NULL,
  `REPEAT_COUNT` bigint(7) NOT NULL,
  `REPEAT_INTERVAL` bigint(12) NOT NULL,
  `TIMES_TRIGGERED` bigint(10) NOT NULL,
  PRIMARY KEY (`SCHED_NAME`,`TRIGGER_NAME`,`TRIGGER_GROUP`),
  CONSTRAINT `qrtz_simple_triggers_ibfk_1` FOREIGN KEY (`SCHED_NAME`, `TRIGGER_NAME`, `TRIGGER_GROUP`) REFERENCES `qrtz_triggers` (`SCHED_NAME`, `TRIGGER_NAME`, `TRIGGER_GROUP`)
) ENGINE=InnoDB DEFAULT CHARSET=utf8;

-- ----------------------------
-- Records of qrtz_simple_triggers
-- ----------------------------

-- ----------------------------
-- Table structure for qrtz_simprop_triggers
-- ----------------------------
DROP TABLE IF EXISTS `qrtz_simprop_triggers`;
CREATE TABLE `qrtz_simprop_triggers` (
  `SCHED_NAME` varchar(120) NOT NULL,
  `TRIGGER_NAME` varchar(200) NOT NULL,
  `TRIGGER_GROUP` varchar(200) NOT NULL,
  `STR_PROP_1` varchar(512) DEFAULT NULL,
  `STR_PROP_2` varchar(512) DEFAULT NULL,
  `STR_PROP_3` varchar(512) DEFAULT NULL,
  `INT_PROP_1` int(11) DEFAULT NULL,
  `INT_PROP_2` int(11) DEFAULT NULL,
  `LONG_PROP_1` bigint(20) DEFAULT NULL,
  `LONG_PROP_2` bigint(20) DEFAULT NULL,
  `DEC_PROP_1` decimal(13,4) DEFAULT NULL,
  `DEC_PROP_2` decimal(13,4) DEFAULT NULL,
  `BOOL_PROP_1` varchar(1) DEFAULT NULL,
  `BOOL_PROP_2` varchar(1) DEFAULT NULL,
  PRIMARY KEY (`SCHED_NAME`,`TRIGGER_NAME`,`TRIGGER_GROUP`),
  CONSTRAINT `qrtz_simprop_triggers_ibfk_1` FOREIGN KEY (`SCHED_NAME`, `TRIGGER_NAME`, `TRIGGER_GROUP`) REFERENCES `qrtz_triggers` (`SCHED_NAME`, `TRIGGER_NAME`, `TRIGGER_GROUP`)
) ENGINE=InnoDB DEFAULT CHARSET=utf8;

-- ----------------------------
-- Records of qrtz_simprop_triggers
-- ----------------------------

-- ----------------------------
-- Table structure for qrtz_triggers
-- ----------------------------
DROP TABLE IF EXISTS `qrtz_triggers`;
CREATE TABLE `qrtz_triggers` (
  `SCHED_NAME` varchar(120) NOT NULL,
  `TRIGGER_NAME` varchar(200) NOT NULL,
  `TRIGGER_GROUP` varchar(200) NOT NULL,
  `JOB_NAME` varchar(200) NOT NULL,
  `JOB_GROUP` varchar(200) NOT NULL,
  `DESCRIPTION` varchar(250) DEFAULT NULL,
  `NEXT_FIRE_TIME` bigint(13) DEFAULT NULL,
  `PREV_FIRE_TIME` bigint(13) DEFAULT NULL,
  `PRIORITY` int(11) DEFAULT NULL,
  `TRIGGER_STATE` varchar(16) NOT NULL,
  `TRIGGER_TYPE` varchar(8) NOT NULL,
  `START_TIME` bigint(13) NOT NULL,
  `END_TIME` bigint(13) DEFAULT NULL,
  `CALENDAR_NAME` varchar(200) DEFAULT NULL,
  `MISFIRE_INSTR` smallint(2) DEFAULT NULL,
  `JOB_DATA` blob,
  PRIMARY KEY (`SCHED_NAME`,`TRIGGER_NAME`,`TRIGGER_GROUP`),
  KEY `SCHED_NAME` (`SCHED_NAME`,`JOB_NAME`,`JOB_GROUP`) USING BTREE,
  CONSTRAINT `qrtz_triggers_ibfk_1` FOREIGN KEY (`SCHED_NAME`, `JOB_NAME`, `JOB_GROUP`) REFERENCES `qrtz_job_details` (`SCHED_NAME`, `JOB_NAME`, `JOB_GROUP`)
) ENGINE=InnoDB DEFAULT CHARSET=utf8;

-- ----------------------------
-- Records of qrtz_triggers
-- ----------------------------
INSERT INTO `qrtz_triggers` VALUES ('scheduler', 'test1', 'testgroup', 'test1', 'testgroup', null, '1421206460000', '1421206455000', '5', 'PAUSED', 'CRON', '1421206412000', '0', null, '0', '');

-- ----------------------------
-- Table structure for role
-- ----------------------------
DROP TABLE IF EXISTS `role`;
CREATE TABLE `role` (
  `ID` int(11) NOT NULL AUTO_INCREMENT,
  `NAME` varchar(20) NOT NULL,
  `ROLE_CODE` varchar(20) NOT NULL,
  `DESCRIPTION` text,
  `SORT` smallint(6) DEFAULT NULL,
  `DEL_FLAG` varchar(255) DEFAULT NULL,
  PRIMARY KEY (`ID`)
) ENGINE=InnoDB AUTO_INCREMENT=14 DEFAULT CHARSET=utf8;

-- ----------------------------
-- Records of role
-- ----------------------------
INSERT INTO `role` VALUES ('1', 'admin', 'admin', 'admin', '2', null);
INSERT INTO `role` VALUES ('5', 'guest', 'guest', 'guest', '3', null);
INSERT INTO `role` VALUES ('13', 'superadmin', 'superadmin', '超级管理员', '1', null);

-- ----------------------------
-- Table structure for role_permission
-- ----------------------------
DROP TABLE IF EXISTS `role_permission`;
CREATE TABLE `role_permission` (
  `ID` int(11) NOT NULL AUTO_INCREMENT,
  `ROLE_ID` int(11) DEFAULT NULL,
  `PERMISSION_ID` int(11) DEFAULT NULL,
  PRIMARY KEY (`ID`),
  KEY `FK_ROLE_PER_REFERENCE_PERMISSI` (`PERMISSION_ID`) USING BTREE,
  KEY `FK_ROLE_PER_REFERENCE_ROLE` (`ROLE_ID`) USING BTREE,
  CONSTRAINT `role_permission_ibfk_1` FOREIGN KEY (`PERMISSION_ID`) REFERENCES `permission` (`ID`),
  CONSTRAINT `role_permission_ibfk_2` FOREIGN KEY (`ROLE_ID`) REFERENCES `role` (`ID`)
) ENGINE=InnoDB AUTO_INCREMENT=244 DEFAULT CHARSET=utf8;

-- ----------------------------
-- Records of role_permission
-- ----------------------------
INSERT INTO `role_permission` VALUES ('1', '1', '2');
INSERT INTO `role_permission` VALUES ('2', '1', '1');
INSERT INTO `role_permission` VALUES ('28', '5', '1');
INSERT INTO `role_permission` VALUES ('61', '13', '1');
INSERT INTO `role_permission` VALUES ('62', '13', '3');
INSERT INTO `role_permission` VALUES ('63', '13', '16');
INSERT INTO `role_permission` VALUES ('64', '13', '7');
INSERT INTO `role_permission` VALUES ('65', '13', '2');
INSERT INTO `role_permission` VALUES ('66', '13', '4');
INSERT INTO `role_permission` VALUES ('67', '13', '5');
INSERT INTO `role_permission` VALUES ('68', '13', '6');
INSERT INTO `role_permission` VALUES ('69', '13', '12');
INSERT INTO `role_permission` VALUES ('70', '13', '25');
INSERT INTO `role_permission` VALUES ('71', '13', '26');
INSERT INTO `role_permission` VALUES ('72', '13', '27');
INSERT INTO `role_permission` VALUES ('74', '13', '15');
INSERT INTO `role_permission` VALUES ('75', '13', '14');
INSERT INTO `role_permission` VALUES ('76', '13', '20');
INSERT INTO `role_permission` VALUES ('77', '13', '8');
INSERT INTO `role_permission` VALUES ('81', '1', '3');
INSERT INTO `role_permission` VALUES ('88', '1', '12');
INSERT INTO `role_permission` VALUES ('93', '1', '15');
INSERT INTO `role_permission` VALUES ('94', '1', '14');
INSERT INTO `role_permission` VALUES ('95', '1', '20');
INSERT INTO `role_permission` VALUES ('118', '1', '28');
INSERT INTO `role_permission` VALUES ('120', '1', '30');
INSERT INTO `role_permission` VALUES ('121', '1', '31');
INSERT INTO `role_permission` VALUES ('125', '1', '33');
INSERT INTO `role_permission` VALUES ('126', '1', '36');
INSERT INTO `role_permission` VALUES ('127', '1', '35');
INSERT INTO `role_permission` VALUES ('129', '1', '34');
INSERT INTO `role_permission` VALUES ('130', '1', '32');
INSERT INTO `role_permission` VALUES ('133', '5', '15');
INSERT INTO `role_permission` VALUES ('135', '1', '37');
INSERT INTO `role_permission` VALUES ('142', '1', '38');
INSERT INTO `role_permission` VALUES ('145', '1', '40');
INSERT INTO `role_permission` VALUES ('147', '1', '29');
INSERT INTO `role_permission` VALUES ('151', '1', '61');
INSERT INTO `role_permission` VALUES ('152', '1', '62');
INSERT INTO `role_permission` VALUES ('153', '1', '63');
INSERT INTO `role_permission` VALUES ('162', '5', '39');
INSERT INTO `role_permission` VALUES ('164', '5', '58');
INSERT INTO `role_permission` VALUES ('176', '5', '40');
INSERT INTO `role_permission` VALUES ('177', '1', '39');
INSERT INTO `role_permission` VALUES ('178', '1', '58');
INSERT INTO `role_permission` VALUES ('179', '1', '59');
INSERT INTO `role_permission` VALUES ('183', '1', '4');
INSERT INTO `role_permission` VALUES ('184', '1', '6');
INSERT INTO `role_permission` VALUES ('185', '1', '26');
INSERT INTO `role_permission` VALUES ('186', '1', '27');
INSERT INTO `role_permission` VALUES ('187', '1', '5');
INSERT INTO `role_permission` VALUES ('189', '1', '25');
INSERT INTO `role_permission` VALUES ('190', '1', '45');
INSERT INTO `role_permission` VALUES ('191', '1', '7');
INSERT INTO `role_permission` VALUES ('192', '1', '8');
INSERT INTO `role_permission` VALUES ('193', '1', '16');
INSERT INTO `role_permission` VALUES ('194', '13', '28');
INSERT INTO `role_permission` VALUES ('195', '13', '34');
INSERT INTO `role_permission` VALUES ('196', '13', '36');
INSERT INTO `role_permission` VALUES ('197', '13', '29');
INSERT INTO `role_permission` VALUES ('198', '13', '33');
INSERT INTO `role_permission` VALUES ('199', '13', '35');
INSERT INTO `role_permission` VALUES ('200', '13', '30');
INSERT INTO `role_permission` VALUES ('201', '13', '39');
INSERT INTO `role_permission` VALUES ('202', '13', '45');
INSERT INTO `role_permission` VALUES ('203', '13', '58');
INSERT INTO `role_permission` VALUES ('204', '13', '59');
INSERT INTO `role_permission` VALUES ('205', '13', '40');
INSERT INTO `role_permission` VALUES ('206', '13', '61');
INSERT INTO `role_permission` VALUES ('207', '13', '62');
INSERT INTO `role_permission` VALUES ('208', '13', '63');
INSERT INTO `role_permission` VALUES ('209', '13', '31');
INSERT INTO `role_permission` VALUES ('210', '13', '32');
INSERT INTO `role_permission` VALUES ('211', '13', '37');
INSERT INTO `role_permission` VALUES ('212', '13', '38');
INSERT INTO `role_permission` VALUES ('213', '1', '69');
INSERT INTO `role_permission` VALUES ('215', '5', '69');
INSERT INTO `role_permission` VALUES ('216', '5', '20');
INSERT INTO `role_permission` VALUES ('219', '5', '68');
INSERT INTO `role_permission` VALUES ('220', '5', '38');
INSERT INTO `role_permission` VALUES ('221', '1', '70');
INSERT INTO `role_permission` VALUES ('222', '5', '70');
INSERT INTO `role_permission` VALUES ('223', '5', '3');
INSERT INTO `role_permission` VALUES ('227', '5', '29');
INSERT INTO `role_permission` VALUES ('228', '5', '33');
INSERT INTO `role_permission` VALUES ('229', '5', '35');
INSERT INTO `role_permission` VALUES ('231', '5', '2');
INSERT INTO `role_permission` VALUES ('234', '5', '28');
INSERT INTO `role_permission` VALUES ('235', '5', '45');
INSERT INTO `role_permission` VALUES ('236', '5', '59');
INSERT INTO `role_permission` VALUES ('239', '5', '36');
INSERT INTO `role_permission` VALUES ('240', '1', '68');
INSERT INTO `role_permission` VALUES ('241', '1', '71');
INSERT INTO `role_permission` VALUES ('242', '1', '72');
INSERT INTO `role_permission` VALUES ('243', '1', '73');

-- ----------------------------
-- Table structure for user
-- ----------------------------
DROP TABLE IF EXISTS `user`;
CREATE TABLE `user` (
  `ID` int(11) NOT NULL AUTO_INCREMENT,
  `LOGIN_NAME` varchar(20) NOT NULL,
  `NAME` varchar(20) NOT NULL,
  `PASSWORD` varchar(255) NOT NULL,
  `SALT` varchar(255) DEFAULT NULL,
  `BIRTHDAY` datetime DEFAULT NULL,
  `GENDER` smallint(6) DEFAULT NULL,
  `EMAIL` varchar(255) DEFAULT NULL,
  `PHONE` varchar(20) DEFAULT NULL,
  `ICON` varchar(500) DEFAULT NULL,
  `CREATE_DATE` datetime DEFAULT NULL,
  `STATE` char(1) DEFAULT NULL,
  `DESCRIPTION` text,
  `LOGIN_COUNT` int(11) DEFAULT NULL,
  `PREVIOUS_VISIT` datetime DEFAULT NULL,
  `LAST_VISIT` datetime DEFAULT NULL,
  `DEL_FLAG` varchar(1) DEFAULT NULL,
  PRIMARY KEY (`ID`)
) ENGINE=InnoDB AUTO_INCREMENT=7 DEFAULT CHARSET=utf8;

-- ----------------------------
-- Records of user
-- ----------------------------
INSERT INTO `user` VALUES ('1', 'admin', 'admin', '159ae5f48f14e89f3f9f54dc995f1f276d472b54', '3d06a5c14d010804', '2014-03-16 22:44:39', '1', '779205344@qq.com', '123456789', 'aaa', '2014-03-20 14:38:57', '0', null, '131', '2015-01-22 15:51:46', '2015-01-22 16:49:13', null);
INSERT INTO `user` VALUES ('3', 'tianyu', 'tiany', '1e8df4b59b3a3ab452ed1707ad3cb1a8e63a0630', 'bb2aa40007ad1238', '2014-04-02 00:00:00', '0', '', '300', '', '2014-04-02 11:49:13', '0', null, null, null, null, null);
INSERT INTO `user` VALUES ('5', 'test', 'tyty11', 'dc6d230074477c8d736bfe0205260e9320565aa6', '94886d7223c80850', '2014-12-05 00:00:00', '1', '', '', null, '2014-12-05 11:55:03', '1', 'ss', '1', null, '2014-12-14 00:09:27', null);
INSERT INTO `user` VALUES ('6', 'superadmin', '超级管理员', 'df894ac0dd60772f22b5d67fe5d8b04fb4c9188d', '97efb48ee6adff63', '2015-01-15 00:00:00', '1', '779205344@qq.com', '13721035120', null, '2015-01-15 15:55:37', null, '超级管理员', null, null, null, null);

-- ----------------------------
-- Table structure for user_role
-- ----------------------------
DROP TABLE IF EXISTS `user_role`;
CREATE TABLE `user_role` (
  `ID` int(11) NOT NULL AUTO_INCREMENT,
  `USER_ID` int(11) NOT NULL,
  `ROLE_ID` int(11) NOT NULL,
  PRIMARY KEY (`ID`),
  KEY `FK_USER_ROL_REFERENCE_ROLE` (`ROLE_ID`) USING BTREE,
  KEY `FK_USER_ROL_REFERENCE_USERS` (`USER_ID`) USING BTREE,
  CONSTRAINT `user_role_ibfk_1` FOREIGN KEY (`ROLE_ID`) REFERENCES `role` (`ID`),
  CONSTRAINT `user_role_ibfk_2` FOREIGN KEY (`USER_ID`) REFERENCES `user` (`ID`)
) ENGINE=InnoDB AUTO_INCREMENT=37 DEFAULT CHARSET=utf8;

-- ----------------------------
-- Records of user_role
-- ----------------------------
INSERT INTO `user_role` VALUES ('1', '1', '1');
INSERT INTO `user_role` VALUES ('19', '3', '5');
INSERT INTO `user_role` VALUES ('32', '5', '5');
INSERT INTO `user_role` VALUES ('35', '6', '13');
INSERT INTO `user_role` VALUES ('36', '6', '1');
